{
  "loss": [
    5.515997409820557,
    4.240228176116943,
    3.321932077407837,
    2.8005197048187256,
    2.4419777393341064,
    2.2328972816467285,
    1.8391141891479492,
    1.7010687589645386,
    1.527788519859314,
    1.3744890689849854,
    1.320346474647522,
    1.199676752090454,
    1.0686395168304443,
    1.031940221786499,
    0.9028046131134033,
    0.8345098495483398,
    0.732272207736969,
    0.6561464667320251,
    0.6739667057991028,
    0.6118080615997314,
    0.5535698533058167,
    0.5390128493309021,
    0.5257235765457153,
    0.38008466362953186,
    0.39609113335609436,
    0.3536095917224884,
    0.38352644443511963,
    0.35959213972091675,
    0.2693827450275421,
    0.3826203942298889
  ],
  "accuracy": [
    0.07158351689577103,
    0.11930585652589798,
    0.1757049858570099,
    0.2537961006164551,
    0.31670281291007996,
    0.3622559607028961,
    0.43383947014808655,
    0.48806941509246826,
    0.5292841792106628,
    0.5704989433288574,
    0.5921908617019653,
    0.613882839679718,
    0.6464208364486694,
    0.6529284119606018,
    0.7071583271026611,
    0.6811279654502869,
    0.7613883018493652,
    0.77440345287323,
    0.7592191100120544,
    0.7917570471763611,
    0.8221257925033569,
    0.8242949843406677,
    0.8416485786437988,
    0.8633405566215515,
    0.887201726436615,
    0.8915401101112366,
    0.876355767250061,
    0.8850325345993042,
    0.9045553207397461,
    0.8720173239707947
  ],
  "val_loss": [
    4.305187702178955,
    3.002203941345215,
    2.4329352378845215,
    2.0335052013397217,
    1.9370357990264893,
    1.6389119625091553,
    1.4283764362335205,
    1.2830759286880493,
    1.1446692943572998,
    1.0350062847137451,
    1.0384230613708496,
    0.8844496607780457,
    0.8376419544219971,
    0.7166779041290283,
    0.7028176784515381,
    0.6405231356620789,
    0.6156427264213562,
    0.5546481013298035,
    0.5037703514099121,
    0.5641258955001831,
    0.4501902759075165,
    0.43097081780433655,
    0.37572216987609863,
    0.34969228506088257,
    0.30730414390563965,
    0.34614601731300354,
    0.3538675010204315,
    0.32690638303756714,
    0.2544264495372772,
    0.28703606128692627
  ],
  "val_accuracy": [
    0.16161616146564484,
    0.17171716690063477,
    0.34343433380126953,
    0.4545454680919647,
    0.49494948983192444,
    0.5151515007019043,
    0.5858585834503174,
    0.6161616444587708,
    0.6262626051902771,
    0.6969696879386902,
    0.6666666865348816,
    0.7272727489471436,
    0.6969696879386902,
    0.8181818127632141,
    0.7575757503509521,
    0.808080792427063,
    0.808080792427063,
    0.8181818127632141,
    0.8282828330993652,
    0.7979797720909119,
    0.8484848737716675,
    0.8383838534355164,
    0.8888888955116272,
    0.8787878751754761,
    0.8989899158477783,
    0.8585858345031738,
    0.8585858345031738,
    0.9090909361839294,
    0.9292929172515869,
    0.9191918969154358
  ]
}